GROUP,PACKAGE,CLASS,INSTRUCTION_MISSED,INSTRUCTION_COVERED,BRANCH_MISSED,BRANCH_COVERED,LINE_MISSED,LINE_COVERED,COMPLEXITY_MISSED,COMPLEXITY_COVERED,METHOD_MISSED,METHOD_COVERED
dds-api,com.org.walmart.dds.exception,DdsErrorType,36,105,2,0,5,14,3,4,2,4
dds-api,com.org.walmart.dds.exception,DdsAppException,15,10,0,0,6,4,2,2,2,2
dds-api,com.org.walmart.dds.model,OrderDetail,22,86,0,0,8,38,7,24,7,24
dds-api,com.org.walmart.dds.controller,DdsController,0,34,0,0,0,10,0,6,0,6
dds-api,com.org.walmart.dds.config,DdsAppConfig,3,0,0,0,1,0,1,0,1,0
dds-api,com.org.walmart.dds.service,DdsService.new Comparator() {...},0,13,0,0,0,3,0,2,0,2
dds-api,com.org.walmart.dds.service,DdsApiApplication,129,0,8,0,30,0,7,0,3,0
dds-api,com.org.walmart.dds.service,DdsService,60,214,4,10,11,48,3,11,0,7
dds-api,com.org.walmart.dds.util,DdsUtil,95,517,34,30,22,95,22,20,0,10
dds-api,com.org.walmart.dds.endpoint,DdsEndPoint,0,132,0,6,0,28,0,10,0,7
dds-api,com.org.walmart.dds.factory,DdsDataTransformFactory,0,31,0,0,0,8,0,2,0,2
